Molecule,Canonical SMILES,Formula,MW,#Heavy atoms,#Aromatic heavy atoms,Fraction Csp3,#Rotatable bonds,#H-bond acceptors,#H-bond donors,MR,TPSA,iLOGP,XLOGP3,WLOGP,MLOGP,Silicos-IT Log P,Consensus Log P,ESOL Log S,ESOL Solubility (mg/ml),ESOL Solubility (mol/l),ESOL Class,Ali Log S,Ali Solubility (mg/ml),Ali Solubility (mol/l),Ali Class,Silicos-IT LogSw,Silicos-IT Solubility (mg/ml),Silicos-IT Solubility (mol/l),Silicos-IT class,GI absorption,BBB permeant,Pgp substrate,CYP1A2 inhibitor,CYP2C19 inhibitor,CYP2C9 inhibitor,CYP2D6 inhibitor,CYP3A4 inhibitor,log Kp (cm/s),Lipinski #violations,Ghose #violations,Veber #violations,Egan #violations,Muegge #violations,Bioavailability Score,PAINS #alerts,Brenk #alerts,Leadlikeness #violations,Synthetic Accessibility
Molecule 1,COc1ccccc1C(c1c(=O)oc2c(c1O)cccc2)c1c(=O)oc2c(c1O)cccc2,C26H18O7,442.42,33,26,0.08,4,7,2,123.00,110.11,3.09,3.16,4.50,2.81,5.14,3.74,-4.89,5.66e-03,1.28e-05,Moderately soluble,-5.14,3.19e-03,7.20e-06,Moderately soluble,-8.77,7.55e-07,1.71e-09,Poorly soluble,High,No,Yes,No,No,Yes,No,No,-6.76,0,0,0,0,0,0.55,0,1,1,3.75
Molecule 2,OC[C@H]1OC([C@H]([C@H]1O)O)n1c(SCc2cc3cc(C)ccc3oc2=O)nc2c1nc(N)nc2SCc1cc2cc(C)ccc2oc1=O,C32H29N5O8S2,675.73,47,29,0.28,8,11,4,177.11,250.56,4.02,3.50,2.81,1.81,3.54,3.14,-6.16,4.64e-04,6.87e-07,Poorly soluble,-8.44,2.43e-06,3.59e-09,Poorly soluble,-8.45,2.40e-06,3.56e-09,Poorly soluble,Low,No,Yes,No,No,No,No,No,-7.94,2,3,1,1,3,0.17,0,1,2,6.01
Molecule 3,COc1ccc2c(c1)cc(c(=O)o2)CSc1nc2c(n1C1O[C@@H]([C@@H]([C@@H]1O)O)CO)nc(nc2SCc1cc2cc(OC)ccc2oc1=O)N,C32H29N5O10S2,707.73,49,29,0.28,10,13,4,180.16,269.02,2.74,2.71,2.21,0.87,2.64,2.23,-5.71,1.37e-03,1.94e-06,Moderately soluble,-8.01,6.87e-06,9.71e-09,Poorly soluble,-7.88,9.27e-06,1.31e-08,Poorly soluble,Low,No,Yes,No,No,No,No,No,-8.69,2,3,1,1,3,0.17,0,1,2,6.04
Molecule 4,OC[C@H]1OC([C@H]([C@H]1O)O)n1c(SCc2cc3cccc(c3oc2=O)OC)nc2c1nc(N)nc2SCc1cc2cccc(c2oc1=O)OC,C32H29N5O10S2,707.73,49,29,0.28,10,13,4,180.16,269.02,3.11,2.71,2.21,0.87,2.64,2.31,-5.71,1.37e-03,1.94e-06,Moderately soluble,-8.01,6.87e-06,9.71e-09,Poorly soluble,-7.88,9.27e-06,1.31e-08,Poorly soluble,Low,No,Yes,No,No,No,No,No,-8.69,2,3,1,1,3,0.17,0,1,2,6.07
Molecule 5,OC[C@H]1OC([C@H]([C@H]1O)O)n1c(Sc2ccccc2)nc2c1nc(N)nc2SCc1cc2cc(OC)ccc2oc1=O,C27H25N5O7S2,595.65,41,25,0.26,8,10,4,151.98,229.58,2.97,2.80,2.11,1.28,1.69,2.17,-5.22,3.59e-03,6.02e-06,Moderately soluble,-7.28,3.14e-05,5.27e-08,Poorly soluble,-6.29,3.02e-04,5.07e-07,Poorly soluble,Low,No,No,No,No,No,No,No,-7.95,2,2,1,1,1,0.17,0,1,2,5.57
Molecule 6,OC[C@H]1OC([C@H]([C@H]1O)O)n1c(SC#CC#CC#CC#CC#C)nc2c1nc(N)nc2SCc1cc2cc(OC)ccc2oc1=O.[H][H].[H][H].[H][H],C31H21N5O7S2,645.71,45,19,0.23,7,10,4,167.21,229.58,0.00,3.20,1.76,1.66,2.88,1.90,-5.71,1.26e-03,1.95e-06,Moderately soluble,-7.69,1.31e-05,2.03e-08,Poorly soluble,-4.13,4.75e-02,7.36e-05,Moderately soluble,Low,No,No,No,No,Yes,No,No,-7.97,2,3,1,1,2,0.17,0,2,1,5.90
Molecule 7,O=c1cc(CSc2nc(Nc3ccccc3)c3c(n2)cccc3)c2c(o1)ccc(c2)C(C)(C)C,C28H25N3O2S,467.58,34,26,0.18,6,4,1,140.60,93.32,4.13,6.96,6.92,5.16,6.47,5.93,-7.29,2.38e-05,5.09e-08,Poorly soluble,-8.73,8.64e-07,1.85e-09,Poorly soluble,-11.21,2.88e-09,6.17e-12,Insoluble,Low,No,No,No,Yes,No,No,Yes,-4.21,1,2,0,1,1,0.55,0,1,2,3.89
Molecule 8,O=c1cc(CSc2nc(Nc3cccc(c3C)C)c3c(n2)cccc3)c2c(o1)ccc(c2)C(C)(C)C,C30H29N3O2S,495.64,36,26,0.23,6,4,1,150.53,93.32,4.54,7.69,7.53,5.55,7.54,6.57,-7.90,6.30e-06,1.27e-08,Poorly soluble,-9.49,1.60e-07,3.23e-10,Poorly soluble,-11.95,5.51e-10,1.11e-12,Insoluble,Low,No,Yes,No,Yes,No,Yes,Yes,-3.86,1,3,0,1,1,0.55,0,1,2,4.15
Molecule 9,Cc1ccc(c(c1)C)Nc1nc(SCc2cc(=O)oc3c2cc(cc3)C(C)(C)C)nc2c1cccc2,C30H29N3O2S,495.64,36,26,0.23,6,4,1,150.53,93.32,4.66,7.69,7.53,5.55,7.54,6.59,-7.90,6.30e-06,1.27e-08,Poorly soluble,-9.49,1.60e-07,3.23e-10,Poorly soluble,-11.95,5.51e-10,1.11e-12,Insoluble,Low,No,Yes,No,Yes,No,No,Yes,-3.86,1,3,0,1,1,0.55,0,1,2,4.12
Molecule 10,COc1ccccc1Nc1nc(SCc2cc(=O)oc3c2cc(cc3)C(C)(C)C)nc2c1cccc2,C29H27N3O3S,497.61,36,26,0.21,7,5,1,147.09,102.55,4.79,6.94,6.93,4.81,6.54,6.00,-7.37,2.12e-05,4.27e-08,Poorly soluble,-8.91,6.17e-07,1.24e-09,Poorly soluble,-11.30,2.47e-09,4.95e-12,Insoluble,Low,No,No,No,Yes,No,Yes,Yes,-4.41,1,3,0,1,1,0.55,0,1,2,3.98
Molecule 11,O=c1cc(CSc2nc(Nc3ccncc3)c3c(n2)cccc3)c2c(o1)ccc(c2)C(C)(C)C,C27H24N4O2S,468.57,34,26,0.19,6,5,1,138.40,106.21,3.73,5.89,6.31,4.15,5.89,5.19,-6.63,1.11e-04,2.37e-07,Poorly soluble,-7.89,5.99e-06,1.28e-08,Poorly soluble,-10.84,6.82e-09,1.46e-11,Insoluble,Low,No,No,No,Yes,Yes,Yes,Yes,-4.98,0,2,0,1,1,0.55,0,1,2,3.84
Molecule 12,O=c1cc(O)c2c(o1)cccc2,C9H6O3,162.14,12,10,0.00,0,3,1,44.51,50.44,1.36,1.27,1.50,1.04,1.97,1.43,-2.26,8.87e-01,5.47e-03,Soluble,-1.93,1.91e+00,1.18e-02,Very soluble,-3.03,1.53e-01,9.42e-04,Soluble,High,Yes,No,Yes,No,No,No,No,-6.39,0,1,0,0,1,0.55,0,1,1,2.63
Molecule 13,CC(=O)CC(c1c(=O)oc2c(c1O)cccc2)c1ccccc1,C19H16O4,308.33,23,16,0.16,4,4,1,88.58,67.51,2.41,2.70,3.61,2.51,4.36,3.12,-3.70,6.10e-02,1.98e-04,Soluble,-3.77,5.23e-02,1.70e-04,Soluble,-6.33,1.45e-04,4.71e-07,Poorly soluble,High,Yes,No,No,Yes,Yes,No,No,-6.26,0,0,0,0,0,0.55,0,1,0,3.79
Molecule 14,CC(=O)CC(c1c(=O)oc2c(c1O)cccc2)c1ccc(cc1)[N+](=O)[O-],C19H15NO6,353.33,26,16,0.16,5,6,1,97.40,113.33,2.05,1.98,3.52,1.55,2.19,2.26,-3.40,1.40e-01,3.95e-04,Soluble,-3.99,3.65e-02,1.03e-04,Soluble,-5.68,7.37e-04,2.08e-06,Moderately soluble,High,No,No,Yes,No,Yes,No,No,-7.05,0,0,0,0,0,0.55,0,3,1,3.78
Molecule 15,CCOC(=O)C(c1c(=O)oc2c(c1O)cccc2)c1c(=O)oc2c(c1O)cccc2,C22H16O8,408.36,30,20,0.14,5,8,2,107.73,127.18,2.50,2.00,3.01,1.87,3.91,2.66,-3.80,6.54e-02,1.60e-04,Soluble,-4.30,2.06e-02,5.04e-05,Moderately soluble,-6.64,9.42e-05,2.31e-07,Poorly soluble,High,No,No,No,No,Yes,No,No,-7.37,0,0,0,0,0,0.55,0,1,1,3.78
Molecule 16,COCC(c1c(=O)oc2c(c1O)cccc2)c1c(=O)oc2c(c1O)cccc2,C21H16O7,380.35,28,20,0.14,4,7,2,102.72,110.11,2.90,1.38,3.09,1.69,3.97,2.61,-3.33,1.77e-01,4.65e-04,Soluble,-3.30,1.93e-01,5.06e-04,Soluble,-6.71,7.40e-05,1.95e-07,Poorly soluble,High,No,Yes,Yes,No,Yes,No,No,-7.64,0,0,0,0,0,0.55,0,1,1,3.71
Molecule 17,O=Cc1cn(nc1c1ccccc1)c1scc(n1)c1cc2cc(Br)ccc2oc1=O,C22H12BrN3O3S,478.32,30,26,0.00,4,5,0,119.24,106.23,3.55,4.73,5.34,3.27,5.91,4.56,-6.16,3.29e-04,6.87e-07,Poorly soluble,-6.69,9.76e-05,2.04e-07,Poorly soluble,-8.72,9.16e-07,1.91e-09,Poorly soluble,High,No,No,No,No,Yes,No,No,-5.86,0,0,0,0,0,0.55,0,2,2,3.59
Molecule 18,O=Cc1cn(nc1c1ccccc1)c1scc(n1)c1cc2cc(Br)cc(c2oc1=O)Br,C22H11Br2N3O3S,557.21,31,26,0.00,4,5,0,126.94,106.23,3.54,5.42,6.11,3.58,6.58,5.05,-7.07,4.79e-05,8.59e-08,Poorly soluble,-7.41,2.19e-05,3.92e-08,Poorly soluble,-9.48,1.85e-07,3.33e-10,Poorly soluble,Low,No,No,No,No,Yes,No,No,-5.85,1,2,0,1,1,0.55,0,2,2,3.60
Molecule 19,O=Cc1cn(nc1c1ccccc1)c1scc(n1)c1cc2c(oc1=O)ccc1c2cccc1,C26H15N3O3S,449.48,33,30,0.00,4,5,0,129.04,106.23,3.45,5.29,5.73,3.35,6.23,4.81,-6.37,1.93e-04,4.28e-07,Poorly soluble,-7.27,2.41e-05,5.35e-08,Poorly soluble,-9.57,1.20e-07,2.68e-10,Poorly soluble,Low,No,No,No,No,Yes,No,No,-5.29,0,1,0,0,1,0.55,0,3,2,3.81
Molecule 20,O=Cc1cn(nc1c1ccc(cc1)Cl)c1scc(n1)c1cc2cc(Cl)ccc2oc1=O,C22H11Cl2N3O3S,468.31,31,26,0.00,4,5,0,121.56,106.23,3.60,5.29,5.89,3.64,6.51,4.99,-6.43,1.73e-04,3.69e-07,Poorly soluble,-7.27,2.51e-05,5.35e-08,Poorly soluble,-9.11,3.64e-07,7.78e-10,Poorly soluble,Low,No,No,No,No,Yes,No,No,-5.40,0,1,0,1,1,0.55,0,2,2,3.57
Molecule 21,O=Cc1cn(nc1c1ccc(cc1)Cl)c1scc(n1)c1cc2cc(Cl)cc(c2oc1=O)Cl,C22H10Cl3N3O3S,502.76,32,26,0.00,4,5,0,126.57,106.23,3.54,5.92,6.54,3.85,7.15,5.40,-7.02,4.76e-05,9.46e-08,Poorly soluble,-7.93,5.97e-06,1.19e-08,Poorly soluble,-9.69,1.03e-07,2.06e-10,Poorly soluble,Low,No,No,No,No,Yes,No,No,-5.16,1,2,0,1,1,0.55,0,2,2,3.62
Molecule 22,O=Cc1cn(nc1c1ccc(cc1)Cl)c1scc(n1)c1cc2cc(Br)ccc2oc1=O,C22H11BrClN3O3S,512.76,31,26,0.00,4,5,0,124.25,106.23,3.69,5.36,6.00,3.74,6.55,5.07,-6.75,9.06e-05,1.77e-07,Poorly soluble,-7.34,2.32e-05,4.53e-08,Poorly soluble,-9.29,2.60e-07,5.07e-10,Poorly soluble,Low,No,No,No,No,Yes,No,No,-5.62,1,2,0,1,1,0.55,0,2,2,3.57
Molecule 23,O=Cc1cn(nc1c1ccc(cc1)C)c1scc(n1)c1cc2cc(Cl)cc(c2oc1=O)Cl,C23H13Cl2N3O3S,482.34,32,26,0.04,4,5,0,126.52,106.23,3.67,5.66,6.20,3.58,7.03,5.23,-6.73,8.91e-05,1.85e-07,Poorly soluble,-7.66,1.07e-05,2.21e-08,Poorly soluble,-9.48,1.59e-07,3.30e-10,Poorly soluble,Low,No,No,No,No,Yes,No,No,-5.22,0,2,0,1,1,0.55,0,2,2,3.73
Molecule 24,O=Cc1cn(nc1c1ccc(cc1)C)c1scc(n1)c1cc2cc(Br)cc(c2oc1=O)Br,C23H13Br2N3O3S,571.24,32,26,0.04,4,5,0,131.90,106.23,3.91,5.79,6.42,3.78,7.10,5.40,-7.37,2.46e-05,4.30e-08,Poorly soluble,-7.79,9.26e-06,1.62e-08,Poorly soluble,-9.85,8.12e-08,1.42e-10,Poorly soluble,Low,No,No,No,No,Yes,No,No,-5.67,1,3,0,1,1,0.55,0,2,2,3.71
Molecule 25,CCC(c1c(=O)oc2c(c1O)cccc2)c1ccccc1,C18H16O3,280.32,21,16,0.17,3,3,1,83.57,50.44,2.77,3.62,4.04,3.20,4.44,3.61,-4.22,1.67e-02,5.97e-05,Moderately soluble,-4.37,1.20e-02,4.30e-05,Moderately soluble,-6.39,1.14e-04,4.06e-07,Poorly soluble,High,Yes,No,Yes,Yes,Yes,Yes,No,-5.44,0,0,0,0,0,0.55,0,1,1,3.70
Molecule 26,OC(Cn1cncn1)COc1ccc2c(c1)oc(=O)cc2C,C15H15N3O4,301.30,22,15,0.27,5,6,1,79.08,90.38,2.06,0.89,1.13,0.84,1.71,1.33,-2.44,1.09e+00,3.60e-03,Soluble,-2.37,1.28e+00,4.24e-03,Soluble,-4.17,2.05e-02,6.79e-05,Moderately soluble,High,No,No,No,No,No,No,No,-7.51,0,0,0,0,0,0.55,0,1,0,3.42
Molecule 27,OC(Cn1nnc2c1cccc2)COc1ccc2c(c1)oc(=O)cc2C,C19H17N3O4,351.36,26,19,0.21,5,6,1,96.59,90.38,2.55,2.00,2.29,2.16,2.73,2.35,-3.49,1.14e-01,3.24e-04,Soluble,-3.52,1.05e-01,2.99e-04,Soluble,-5.82,5.38e-04,1.53e-06,Moderately soluble,High,No,No,Yes,No,Yes,No,No,-7.02,0,0,0,0,0,0.55,0,1,1,3.82
Molecule 28,OC(Cn1cnc2c1cccc2)COc1ccc2c(c1)oc(=O)cc2C,C20H18N2O4,350.37,26,19,0.20,5,5,1,98.79,77.49,2.50,2.32,2.89,1.97,3.29,2.59,-3.68,7.24e-02,2.07e-04,Soluble,-3.59,9.09e-02,2.59e-04,Soluble,-6.19,2.27e-04,6.49e-07,Poorly soluble,High,Yes,Yes,Yes,No,Yes,Yes,Yes,-6.79,0,0,0,0,0,0.55,0,1,1,3.51
Molecule 29,O=c1cc(C)c2c(o1)cc(cc2)OCC(Cn1cnc2c1cc(C)c(c2)C)O,C22H22N2O4,378.42,28,19,0.27,5,5,1,108.72,77.49,2.89,3.05,3.51,2.41,4.34,3.24,-4.28,1.99e-02,5.25e-05,Moderately soluble,-4.34,1.72e-02,4.53e-05,Moderately soluble,-6.94,4.32e-05,1.14e-07,Poorly soluble,High,Yes,Yes,Yes,No,Yes,Yes,Yes,-6.44,0,0,0,0,0,0.55,0,1,1,3.76
Molecule 30,OC(CSc1nc2c([nH]1)cccc2)COc1ccc2c(c1)oc(=O)cc2C,C20H18N2O4S,382.43,27,19,0.20,6,5,2,105.61,113.65,2.40,3.28,3.51,2.24,4.44,3.17,-4.40,1.51e-02,3.96e-05,Moderately soluble,-5.34,1.74e-03,4.56e-06,Moderately soluble,-7.10,3.04e-05,7.94e-08,Poorly soluble,High,No,Yes,Yes,Yes,Yes,Yes,Yes,-6.30,0,0,0,0,0,0.55,0,1,1,3.79
Molecule 31,OC(Cn1ncnc1)COc1cc(OCC(Cn2ncnc2)O)c2c(c1)oc(=O)cc2C,C20H22N6O6,442.43,32,20,0.35,10,10,2,110.71,150.55,2.72,-0.05,0.16,-0.11,0.57,0.66,-2.35,1.96e+00,4.43e-03,Soluble,-2.66,9.66e-01,2.18e-03,Soluble,-4.24,2.53e-02,5.71e-05,Moderately soluble,Low,No,Yes,Yes,No,No,No,Yes,-9.03,1,0,1,1,1,0.55,0,1,2,4.37
Molecule 32,O=c1cc(C)c2c(o1)cc(cc2OCC(Cn1nnc2c1cccc2)O)OCC(Cn1nnc2c1cccc2)O,C28H26N6O6,542.54,40,28,0.25,10,10,2,145.72,150.55,3.51,2.18,2.47,2.30,2.60,2.61,-4.44,1.99e-02,3.67e-05,Moderately soluble,-4.97,5.75e-03,1.06e-05,Moderately soluble,-7.48,1.78e-05,3.29e-08,Poorly soluble,Low,No,Yes,No,No,Yes,Yes,No,-8.06,2,2,1,1,1,0.17,0,1,2,4.99
Molecule 33,O=c1cc(C)c2c(o1)cc(cc2OCC(Cn1cnc2c1cccc2)O)OCC(Cn1cnc2c1cccc2)O,C30H28N4O6,540.57,40,28,0.23,10,8,2,150.13,124.77,3.08,2.82,3.68,1.77,3.74,3.02,-4.83,8.07e-03,1.49e-05,Moderately soluble,-5.10,4.32e-03,7.99e-06,Moderately soluble,-8.23,3.18e-06,5.89e-09,Poorly soluble,High,No,Yes,No,No,Yes,Yes,Yes,-7.60,1,2,0,0,0,0.55,0,1,2,4.76
Molecule 34,O=c1cc(C)c2c(o1)cc(cc2OCC(Cn1cnc2c1cc(C)c(c2)C)O)OCC(Cn1cnc2c1cc(C)c(c2)C)O,C34H36N4O6,596.67,44,28,0.32,10,8,2,170.00,124.77,4.49,4.28,4.91,2.51,5.91,4.42,-6.05,5.36e-04,8.98e-07,Poorly soluble,-6.61,1.46e-04,2.44e-07,Poorly soluble,-9.71,1.17e-07,1.96e-10,Poorly soluble,Low,No,Yes,Yes,No,Yes,Yes,Yes,-6.90,1,3,0,0,0,0.55,0,1,3,5.26
Molecule 35,OC(CSc1nc2c([nH]1)cccc2)COc1cc(OCC(CSc2nc3c([nH]2)cccc3)O)c2c(c1)oc(=O)cc2C,C30H28N4O6S2,604.70,42,28,0.23,12,8,4,163.77,197.09,3.25,4.74,4.92,2.30,6.04,4.25,-6.28,3.20e-04,5.29e-07,Poorly soluble,-8.61,1.49e-06,2.46e-09,Poorly soluble,-10.02,5.77e-08,9.55e-11,Insoluble,Low,No,Yes,No,No,Yes,No,Yes,-6.62,1,2,2,1,2,0.55,0,1,3,5.06
Molecule 36,O/N=C(\c1c(Cl)c(=O)oc2c1cccc2)/Nc1ccccc1,C16H11ClN2O3,314.72,22,16,0.00,3,4,2,85.70,74.83,2.23,3.56,3.50,3.37,3.41,3.22,-4.37,1.33e-02,4.22e-05,Moderately soluble,-4.82,4.80e-03,1.52e-05,Moderately soluble,-6.30,1.59e-04,5.06e-07,Poorly soluble,High,Yes,No,Yes,No,No,No,No,-5.69,0,0,0,0,0,0.55,0,5,1,2.91
Molecule 37,O/N=C(\c1c(Cl)c(=O)oc2c1cccc2)/Nc1ccc(cc1)C,C17H13ClN2O3,328.75,23,16,0.06,3,4,2,90.67,74.83,2.70,3.92,3.81,3.61,3.92,3.59,-4.66,7.12e-03,2.16e-05,Moderately soluble,-5.19,2.12e-03,6.45e-06,Moderately soluble,-6.68,6.93e-05,2.11e-07,Poorly soluble,High,Yes,No,Yes,No,Yes,No,No,-5.52,0,0,0,0,0,0.55,0,5,1,3.01
Molecule 38,O/N=C(\c1c(Cl)c(=O)oc2c1cccc2)/NC1CCCCC1,C16H17ClN2O3,320.77,22,10,0.38,3,4,2,86.40,74.83,2.59,3.81,3.50,3.33,3.51,3.35,-4.37,1.38e-02,4.29e-05,Moderately soluble,-5.08,2.69e-03,8.39e-06,Moderately soluble,-5.21,1.97e-03,6.14e-06,Moderately soluble,High,Yes,No,Yes,Yes,Yes,No,No,-5.55,0,0,0,0,0,0.55,0,5,1,3.07
Molecule 39,OCC/C(=N/O)/c1c(Cl)c(=O)oc2c1cccc2,C12H10ClNO4,267.67,18,10,0.17,3,5,2,67.65,83.03,1.73,1.66,2.01,1.24,2.85,1.90,-2.76,4.67e-01,1.74e-03,Soluble,-3.02,2.57e-01,9.61e-04,Soluble,-3.98,2.79e-02,1.04e-04,Soluble,High,No,No,No,No,No,No,No,-6.75,0,0,0,0,0,0.55,0,4,0,2.89
Molecule 40,CC(=O)O/N=C(\c1cc(=O)oc2c1cccc2)/N,C12H10N2O4,246.22,18,10,0.08,3,5,1,64.74,94.89,1.58,0.87,0.98,1.70,1.66,1.36,-2.13,1.83e+00,7.45e-03,Soluble,-2.45,8.80e-01,3.58e-03,Soluble,-3.43,9.19e-02,3.73e-04,Soluble,High,No,No,No,No,No,No,No,-7.18,0,0,0,0,0,0.55,0,5,1,3.09
Molecule 41,O=c1cc(/C=N\Nc2ccccc2)c2c(o1)cccc2,C16H12N2O2,264.28,20,16,0.00,3,3,1,79.96,54.60,2.36,3.24,3.05,2.61,3.56,2.96,-3.91,3.22e-02,1.22e-04,Soluble,-4.06,2.30e-02,8.71e-05,Moderately soluble,-6.28,1.40e-04,5.31e-07,Poorly soluble,High,Yes,No,Yes,Yes,No,No,No,-5.61,0,0,0,0,0,0.55,0,2,0,3.06
Molecule 42,O=c1oc2ccccc2c(c1)c1nocn1,C11H6N2O3,214.18,16,15,0.00,1,5,0,55.78,69.13,1.99,1.34,1.84,1.38,2.36,1.78,-2.64,4.91e-01,2.29e-03,Soluble,-2.39,8.66e-01,4.04e-03,Soluble,-4.60,5.33e-03,2.49e-05,Moderately soluble,High,Yes,No,Yes,No,No,No,No,-6.66,0,0,0,0,0,0.55,0,1,1,2.84
Molecule 43,O=c1oc2ccccc2c(c1)c1noc(n1)C,C12H8N2O3,228.20,17,15,0.08,1,5,0,60.74,69.13,2.36,1.74,2.15,1.66,2.82,2.15,-2.94,2.63e-01,1.15e-03,Soluble,-2.81,3.55e-01,1.55e-03,Soluble,-4.99,2.32e-03,1.02e-05,Moderately soluble,High,Yes,No,Yes,No,No,No,No,-6.46,0,0,0,0,0,0.55,0,1,1,2.98
Molecule 44,O=c1oc2ccccc2c(c1)c1noc(n1)c1ccccc1,C17H10N2O3,290.27,22,21,0.00,2,5,0,81.21,69.13,2.96,3.00,3.51,3.00,3.83,3.26,-4.10,2.28e-02,7.87e-05,Moderately soluble,-4.12,2.22e-02,7.66e-05,Moderately soluble,-7.11,2.27e-05,7.82e-08,Poorly soluble,High,Yes,No,Yes,Yes,No,No,No,-5.94,0,0,0,0,0,0.55,0,1,0,3.29
Molecule 45,COc1ccc(cc1)c1onc(n1)c1cc(=O)oc2c1cccc2,C18H12N2O4,320.30,24,21,0.06,3,6,0,87.70,78.36,3.30,2.97,3.52,2.69,3.84,3.27,-4.15,2.29e-02,7.14e-05,Moderately soluble,-4.28,1.69e-02,5.26e-05,Moderately soluble,-7.22,1.93e-05,6.01e-08,Poorly soluble,High,Yes,No,Yes,Yes,Yes,No,No,-6.15,0,0,0,0,0,0.55,0,1,0,3.25
Molecule 46,O=c1oc2ccccc2c(c1)C1=NOCN1,C11H8N2O3,216.19,16,10,0.09,1,4,1,64.96,63.83,1.43,1.16,0.27,1.90,2.49,1.45,-2.31,1.06e+00,4.92e-03,Soluble,-2.10,1.74e+00,8.03e-03,Soluble,-4.00,2.19e-02,1.01e-04,Soluble,High,No,No,Yes,No,No,No,No,-6.80,0,0,0,0,0,0.55,0,1,1,2.93
Molecule 47,CC1ON=C(N1)c1cc(=O)oc2c1cccc2,C12H10N2O3,230.22,17,10,0.17,1,4,1,69.76,63.83,1.79,1.59,0.66,2.18,2.53,1.75,-2.64,5.29e-01,2.30e-03,Soluble,-2.54,6.62e-01,2.87e-03,Soluble,-4.15,1.62e-02,7.05e-05,Moderately soluble,High,No,No,No,No,No,No,No,-6.58,0,0,0,0,0,0.55,0,1,1,3.51
Molecule 48,O=c1oc2ccccc2c(c1)C1=NOCN1c1ccccc1,C17H12N2O3,292.29,22,16,0.06,2,4,0,90.09,55.04,2.40,2.90,2.19,3.51,3.38,2.88,-3.89,3.81e-02,1.30e-04,Soluble,-3.72,5.62e-02,1.92e-04,Soluble,-5.78,4.83e-04,1.65e-06,Moderately soluble,High,Yes,No,Yes,Yes,No,No,No,-6.02,0,0,0,0,0,0.55,0,1,0,3.22
Molecule 49,O=c1oc2ccccc2c(c1)C1=NOC(N1c1ccccc1)C,C18H14N2O3,306.32,23,16,0.11,2,4,0,94.90,55.04,2.65,3.33,2.58,3.75,3.46,3.15,-4.22,1.85e-02,6.03e-05,Moderately soluble,-4.16,2.11e-02,6.88e-05,Moderately soluble,-5.93,3.58e-04,1.17e-06,Moderately soluble,High,Yes,No,Yes,Yes,Yes,No,No,-5.80,0,0,0,0,0,0.55,0,1,0,3.81
Molecule 50,O=c1oc2ccccc2c(c1)c1noc(=S)n1c1ccccc1,C17H10N2O3S,322.34,23,21,0.00,2,4,0,88.14,93.26,2.69,3.47,3.97,2.93,4.36,3.48,-4.57,8.71e-03,2.70e-05,Moderately soluble,-5.11,2.50e-03,7.75e-06,Moderately soluble,-6.38,1.35e-04,4.20e-07,Poorly soluble,High,No,No,Yes,Yes,Yes,No,No,-5.80,0,0,0,0,0,0.55,0,2,0,3.21
Molecule 51,O=c1oc2ccccc2c(c1)C1=NOS(=O)N1c1ccccc1,C16H10N2O4S,326.33,23,16,0.00,2,5,0,93.57,91.32,2.44,2.55,2.67,3.20,1.97,2.57,-3.85,4.58e-02,1.40e-04,Soluble,-4.12,2.50e-02,7.67e-05,Moderately soluble,-5.50,1.02e-03,3.13e-06,Moderately soluble,High,No,No,Yes,Yes,No,No,No,-6.48,0,0,0,0,0,0.55,0,1,0,3.81
Molecule 52,COc1ccc(cc1)c1noc(n1)c1cc(=O)oc2c1cccc2,C18H12N2O4,320.30,24,21,0.06,3,6,0,87.70,78.36,3.23,2.97,3.52,2.29,3.84,3.17,-4.15,2.29e-02,7.14e-05,Moderately soluble,-4.28,1.69e-02,5.26e-05,Moderately soluble,-7.22,1.93e-05,6.01e-08,Poorly soluble,High,Yes,No,Yes,Yes,Yes,No,Yes,-6.15,0,0,0,0,0,0.55,0,1,0,3.30
Molecule 53,COc1ccc(cc1)C1=NOC(O1)c1cc(=O)oc2c1cccc2,C18H13NO5,323.30,24,16,0.11,3,6,0,90.30,70.26,3.06,3.06,2.50,3.20,3.88,3.14,-4.07,2.77e-02,8.56e-05,Moderately soluble,-4.20,2.03e-02,6.28e-05,Moderately soluble,-6.07,2.76e-04,8.55e-07,Poorly soluble,High,Yes,No,Yes,Yes,Yes,No,No,-6.10,0,0,0,0,0,0.55,0,1,0,4.11
Molecule 54,O=c1ccc2c(o1)cccc2,C9H6O2,146.14,11,10,0.00,0,2,0,42.48,30.21,1.75,1.39,1.79,1.65,2.50,1.82,-2.29,7.42e-01,5.08e-03,Soluble,-1.63,3.44e+00,2.35e-02,Very soluble,-3.59,3.77e-02,2.58e-04,Soluble,High,Yes,No,Yes,No,No,No,No,-6.20,0,2,0,0,1,0.55,0,1,1,2.74
Molecule 55,OC(=O)C/N=C/1\Nc2c(\C1=N/c1cc3ccccc3oc1=O)cccc2,C19H13N3O4,347.32,26,16,0.05,3,6,2,101.38,104.26,1.75,1.39,2.25,1.65,2.50,1.82,-2.29,7.42e-01,5.08e-03,Soluble,-1.63,3.44e+00,2.35e-02,Very soluble,-3.59,3.77e-02,2.58e-04,Soluble,High,Yes,No,Yes,No,No,No,No,-6.20,0,2,0,0,1,0.55,0,1,1,2.74
Molecule 56,CN(c1ccc(cc1)c1ccc(s1)C(=O)/C=C/c1cc2ccc(cc2oc1=O)N(C)C)C,C26H24N2O3S,444.55,32,21,0.15,6,3,0,134.02,82.00,4.08,5.61,5.44,3.21,6.05,4.88,-6.22,2.68e-04,6.02e-07,Poorly soluble,-7.09,3.57e-05,8.04e-08,Poorly soluble,-8.05,3.92e-06,8.81e-09,Poorly soluble,High,No,No,No,Yes,Yes,No,Yes,-5.03,0,1,0,0,1,0.55,0,2,2,4.23
Molecule 57,CCN(c1ccc(cc1)c1ccc(s1)C(=O)/C=C/c1cc2ccc(cc2oc1=O)N(CC)CC)CC,C30H32N2O3S,500.65,36,21,0.27,10,3,0,153.25,82.00,5.06,7.08,7.00,4.00,7.68,6.16,-7.18,3.34e-05,6.67e-08,Poorly soluble,-8.62,1.20e-06,2.40e-09,Poorly soluble,-9.62,1.21e-07,2.43e-10,Poorly soluble,Low,No,Yes,No,Yes,Yes,No,Yes,-4.33,1,3,0,1,1,0.55,0,2,3,4.65
Molecule 58,O=c1ccc2c(o1)cc1c(c2)cco1,C11H6O3,186.16,14,13,0.00,0,3,0,52.26,43.35,2.01,1.67,2.54,1.48,2.91,2.12,-2.73,3.44e-01,1.85e-03,Soluble,-2.19,1.19e+00,6.39e-03,Soluble,-4.50,5.87e-03,3.16e-05,Moderately soluble,High,Yes,No,Yes,No,No,No,No,-6.25,0,0,0,0,1,0.55,0,1,1,3.06
Molecule 59,COc1c2oc(=O)ccc2cc2c1occ2,C12H8O4,216.19,16,13,0.08,1,4,0,58.75,52.58,2.22,2.00,2.55,1.18,2.88,2.16,-2.98,2.29e-01,1.06e-03,Soluble,-2.73,4.02e-01,1.86e-03,Soluble,-4.63,5.01e-03,2.32e-05,Moderately soluble,High,Yes,No,Yes,No,No,No,No,-6.20,0,0,0,0,0,0.55,0,1,1,2.97
Molecule 60,COc1c2ccc(=O)oc2cc2c1cco2,C12H8O4,216.19,16,13,0.08,1,4,0,58.75,52.58,2.29,1.93,2.55,1.18,2.88,2.16,-2.93,2.53e-01,1.17e-03,Soluble,-2.66,4.75e-01,2.20e-03,Soluble,-4.63,5.01e-03,2.32e-05,Moderately soluble,High,Yes,No,Yes,No,No,No,No,-6.25,0,0,0,0,0,0.55,0,1,1,2.90
Molecule 61,Cc1cc2c(o1)c(C)c1c(c2)c(C)cc(=O)o1,C14H12O3,228.24,17,13,0.21,0,3,0,67.15,43.35,2.72,3.14,3.46,2.29,4.32,3.19,-3.80,3.62e-02,1.59e-04,Soluble,-3.72,4.35e-02,1.91e-04,Soluble,-5.67,4.88e-04,2.14e-06,Moderately soluble,High,Yes,No,Yes,Yes,No,No,No,-5.46,0,0,0,0,0,0.55,0,1,1,3.27
Molecule 62,Brc1ccc2c(c1)cc(c(=O)o2)C1=NN2C(=N[N]C2c2ccccc2)SC1,C19H12BrN4O2S,440.29,27,16,0.11,2,5,0,124.01,83.47,-3.33,4.89,2.05,3.84,4.25,2.34,-5.96,4.86e-04,1.10e-06,Moderately soluble,-6.38,1.84e-04,4.18e-07,Poorly soluble,-7.30,2.20e-05,5.00e-08,Poorly soluble,High,No,Yes,No,Yes,No,No,No,-5.51,0,0,0,0,0,0.55,0,1,2,4.40
Molecule 63,Brc1cccc(c1)C1[N]N=C2N1N=C(CS2)c1cc2cc(Br)ccc2oc1=O,C19H11Br2N4O2S,519.19,28,16,0.11,2,5,0,131.71,83.47,-2.30,5.59,2.81,4.44,4.92,3.09,-6.87,6.98e-05,1.34e-07,Poorly soluble,-7.10,4.08e-05,7.86e-08,Poorly soluble,-8.07,4.45e-06,8.57e-09,Poorly soluble,High,No,Yes,No,Yes,No,No,No,-5.50,2,2,0,0,1,0.17,0,1,2,4.42
Molecule 64,Brc1ccc(cc1)C1[N]N=C2N1N=C(CS2)c1cc2cc(Br)ccc2oc1=O,C19H11Br2N4O2S,519.19,28,16,0.11,2,5,0,131.71,83.47,-2.53,5.59,2.81,4.44,4.92,3.05,-6.87,6.98e-05,1.34e-07,Poorly soluble,-7.10,4.08e-05,7.86e-08,Poorly soluble,-8.07,4.45e-06,8.57e-09,Poorly soluble,High,No,Yes,No,Yes,No,No,No,-5.50,2,2,0,0,1,0.17,0,1,2,4.40
Molecule 65,Brc1ccc2c(c1)cc(c(=O)o2)C1=NN2C(=N[N]C2c2ccccc2O)SC1,C19H12BrN4O3S,456.29,28,16,0.11,2,6,1,126.03,103.70,-3.09,4.54,1.75,3.31,3.76,2.05,-5.82,6.91e-04,1.51e-06,Moderately soluble,-6.44,1.66e-04,3.63e-07,Poorly soluble,-6.71,8.90e-05,1.95e-07,Poorly soluble,High,No,Yes,No,Yes,No,No,No,-5.86,0,0,0,0,0,0.55,1,1,2,4.37
Molecule 66,Oc1ccc(cc1)C1[N]N=C2N1N=C(CS2)c1cc2cc(Br)ccc2oc1=O,C19H12BrN4O3S,456.29,28,16,0.11,2,6,1,126.03,103.70,-3.35,4.54,1.75,3.31,3.76,2.00,-5.82,6.91e-04,1.51e-06,Moderately soluble,-6.44,1.66e-04,3.63e-07,Poorly soluble,-6.71,8.90e-05,1.95e-07,Poorly soluble,High,No,Yes,No,Yes,No,No,No,-5.86,0,0,0,0,0,0.55,0,1,2,4.38
Molecule 67,Clc1ccc(cc1)C1[N]N=C2N1N=C(CS2)c1cc2cc(Br)ccc2oc1=O,C19H11BrClN4O2S,474.74,28,16,0.11,2,5,0,129.02,83.47,-2.57,5.52,2.70,4.33,4.88,2.97,-6.55,1.33e-04,2.81e-07,Poorly soluble,-7.03,4.41e-05,9.29e-08,Poorly soluble,-7.88,6.23e-06,1.31e-08,Poorly soluble,High,No,Yes,No,Yes,No,No,No,-5.28,1,0,0,0,1,0.55,0,1,2,4.38
Molecule 68,Cc1ccc(cc1)C1[N]N=C2N1N=C(CS2)c1cc2cc(Br)ccc2oc1=O,C20H14BrN4O2S,454.32,28,16,0.15,2,5,0,128.97,83.47,-2.91,5.26,2.36,4.06,4.75,2.70,-6.26,2.49e-04,5.48e-07,Poorly soluble,-6.76,7.85e-05,1.73e-07,Poorly soluble,-7.67,9.62e-06,2.12e-08,Poorly soluble,High,No,Yes,No,Yes,No,No,No,-5.34,0,0,0,0,1,0.55,0,1,2,4.51
Molecule 69,Brc1ccc2c(c1)cc(c(=O)o2)C1=NN2C(=N[N]C2c2ccncc2)SC1,C18H11BrN5O2S,441.28,27,16,0.11,2,6,0,121.80,96.36,-3.35,3.82,1.44,2.82,3.69,1.68,-5.29,2.27e-03,5.14e-06,Moderately soluble,-5.54,1.28e-03,2.89e-06,Moderately soluble,-6.93,5.21e-05,1.18e-07,Poorly soluble,High,No,Yes,No,Yes,No,No,No,-6.28,0,0,0,0,0,0.55,0,1,2,4.31
Molecule 70,Clc1ccc(cc1)OCC1[N]N=C2N1N=C(CS2)c1cc2cc(Br)ccc2oc1=O,C20H13BrClN4O3S,504.76,30,16,0.15,4,6,0,135.35,92.70,-2.35,5.73,2.73,3.75,4.79,2.93,-6.71,9.84e-05,1.95e-07,Poorly soluble,-7.44,1.82e-05,3.60e-08,Poorly soluble,-7.99,5.12e-06,1.01e-08,Poorly soluble,High,No,Yes,No,Yes,No,No,No,-5.31,1,2,0,0,1,0.55,0,1,2,4.44
Molecule 71,Clc1ccc(c(c1)Cl)OCC1[N]N=C2N1N=C(CS2)c1cc2cc(Br)ccc2oc1=O,C20H12BrCl2N4O3S,539.21,31,16,0.15,4,6,0,140.36,92.70,-2.38,6.35,3.39,4.23,5.43,3.40,-7.30,2.69e-05,4.99e-08,Poorly soluble,-8.09,4.41e-06,8.18e-09,Poorly soluble,-8.57,1.45e-06,2.70e-09,Poorly soluble,High,No,Yes,No,Yes,No,No,No,-5.08,2,2,0,0,1,0.17,0,1,2,4.47
Molecule 72,CCOP(=O)(c1c(C(Nc2ccc3c(c2)OCCO3)C)c(=O)oc2c1cccc2)OCC,C23H26NO7P,459.43,32,16,0.35,8,7,1,122.71,106.04,4.03,3.08,4.11,1.92,3.81,3.39,-4.47,1.55e-02,3.38e-05,Moderately soluble,-4.97,4.88e-03,1.06e-05,Moderately soluble,-7.60,1.16e-05,2.54e-08,Poorly soluble,High,No,Yes,Yes,Yes,Yes,Yes,Yes,-6.92,0,0,0,0,0,0.55,1,2,2,4.85
Molecule 73,CCOP(=O)(c1c(C(NCCc2ccc(cc2)OC)C)c(=O)oc2c1cccc2)OCC,C24H30NO6P,459.47,32,16,0.38,11,7,1,126.40,96.81,3.83,3.73,4.26,2.38,4.58,3.76,-4.68,9.54e-03,2.08e-05,Moderately soluble,-5.45,1.61e-03,3.51e-06,Moderately soluble,-8.50,1.45e-06,3.16e-09,Poorly soluble,High,No,No,No,Yes,Yes,Yes,Yes,-6.45,0,0,1,0,0,0.55,0,2,3,4.95
Molecule 74,CCOP(=O)(c1c(C(Nc2cccc3c2cccc3)C)c(=O)oc2c1cccc2)OCC,C25H26NO5P,451.45,32,20,0.24,8,5,1,129.34,87.58,3.84,4.61,5.50,3.21,4.75,4.38,-5.48,1.50e-03,3.33e-06,Moderately soluble,-6.17,3.02e-04,6.70e-07,Poorly soluble,-9.25,2.55e-07,5.65e-10,Poorly soluble,High,No,Yes,No,Yes,Yes,Yes,Yes,-5.78,0,0,0,0,0,0.55,0,2,3,4.87
Molecule 75,CCOP(=O)(c1c(C(NCc2ccc(cc2)F)C)c(=O)oc2c1cccc2)OCC,C22H25FNO5P,433.41,30,16,0.32,9,7,1,115.06,87.58,3.64,3.40,4.62,2.87,4.52,3.81,-4.47,1.47e-02,3.39e-05,Moderately soluble,-4.92,5.23e-03,1.21e-05,Moderately soluble,-8.27,2.31e-06,5.32e-09,Poorly soluble,High,No,No,No,Yes,Yes,Yes,Yes,-6.53,0,0,0,0,0,0.55,0,2,2,4.81
Molecule 76,CCOC(=O)c1c(cnc2c1cccc2)c1ccc(cc1)NC(c1c(=O)oc2c(c1P(=O)(OCC)OCC)cccc2)C,C33H33N2O7P,600.60,43,26,0.24,12,8,1,168.66,126.77,4.89,5.47,6.73,3.48,6.23,5.36,-6.67,1.30e-04,2.16e-07,Poorly soluble,-7.89,7.74e-06,1.29e-08,Poorly soluble,-11.70,1.21e-09,2.01e-12,Insoluble,Low,No,No,Yes,No,Yes,No,Yes,-6.08,1,4,1,1,2,0.55,0,2,3,5.43
Molecule 77,O=C(c1ccccc1)NCc1nnn(c1)c1cc2ccccc2oc1=O,C19H14N4O3,346.34,26,21,0.05,5,5,1,94.88,90.02,2.52,2.35,2.15,2.19,2.38,2.32,-3.74,6.37e-02,1.84e-04,Soluble,-3.88,4.56e-02,1.32e-04,Soluble,-6.65,7.68e-05,2.22e-07,Poorly soluble,High,No,No,Yes,Yes,Yes,No,No,-6.74,0,0,0,0,0,0.55,0,1,0,3.18
Molecule 78,O=C(c1ccccc1O)NCc1nnn(c1)c1cc2ccccc2oc1=O,C19H14N4O4,362.34,27,21,0.05,5,6,2,96.91,110.25,1.89,2.55,1.86,1.67,1.90,1.97,-3.94,4.17e-02,1.15e-04,Soluble,-4.51,1.11e-02,3.07e-05,Moderately soluble,-6.07,3.10e-04,8.55e-07,Poorly soluble,High,No,No,No,No,No,No,No,-6.70,0,0,0,0,0,0.55,0,1,1,3.21
Molecule 79,O=C(Cc1ccccc1[N+](=O)[O-])NCc1nnn(c1)c1cc2ccccc2oc1=O,C20H15N5O5,405.36,30,21,0.10,7,7,1,108.29,135.84,1.95,2.12,1.99,1.30,0.60,1.59,-3.74,7.29e-02,1.80e-04,Soluble,-4.60,1.01e-02,2.49e-05,Moderately soluble,-6.39,1.64e-04,4.05e-07,Poorly soluble,High,No,No,No,Yes,Yes,No,Yes,-7.27,0,0,0,1,0,0.55,0,3,1,3.43
Molecule 80,COc1cc(ccc1O)C(=O)NCc1nnn(c1)c1cc2ccccc2oc1=O,C20H16N4O5,392.36,29,21,0.10,6,7,2,103.40,119.48,2.53,1.97,1.87,1.39,1.96,1.94,-3.65,8.71e-02,2.22e-04,Soluble,-4.10,3.08e-02,7.86e-05,Moderately soluble,-6.17,2.64e-04,6.73e-07,Poorly soluble,High,No,No,No,No,Yes,No,Yes,-7.29,0,0,0,0,0,0.55,0,1,1,3.34
Molecule 81,COc1cc(/C=C/C(=O)NCc2nnn(c2)c2cc3ccccc3oc2=O)ccc1O,C22H18N4O5,418.40,31,21,0.09,7,7,2,113.11,119.48,2.75,2.39,2.16,1.49,2.56,2.27,-3.98,4.39e-02,1.05e-04,Soluble,-4.54,1.21e-02,2.88e-05,Moderately soluble,-6.24,2.41e-04,5.77e-07,Poorly soluble,High,No,No,No,No,Yes,No,No,-7.16,0,0,0,0,0,0.55,0,2,1,3.62
Molecule 82,O=C(c1ccccc1)OCc1nnn(c1)c1cc2ccccc2oc1=O,C19H13N3O4,347.32,26,21,0.05,5,6,0,93.17,87.22,2.76,2.93,2.58,2.60,2.70,2.72,-4.11,2.71e-02,7.82e-05,Moderately soluble,-4.42,1.31e-02,3.77e-05,Moderately soluble,-6.34,1.58e-04,4.55e-07,Poorly soluble,High,No,No,Yes,Yes,Yes,No,No,-6.34,0,0,0,0,0,0.55,0,1,0,3.28
Molecule 83,O=C(c1ccccc1O)OCc1nnn(c1)c1cc2ccccc2oc1=O,C19H13N3O5,363.32,27,21,0.05,5,7,1,95.19,107.45,2.34,3.12,2.28,2.08,2.22,2.41,-4.30,1.81e-02,4.97e-05,Moderately soluble,-5.05,3.27e-03,9.01e-06,Moderately soluble,-5.76,6.37e-04,1.75e-06,Moderately soluble,High,No,No,No,Yes,Yes,No,No,-6.30,0,0,0,0,0,0.55,0,1,1,3.29
Molecule 84,O=C(Cc1ccccc1[N+](=O)[O-])OCc1nnn(c1)c1cc2ccccc2oc1=O,C20H14N4O6,406.35,30,21,0.10,7,8,0,106.58,133.04,2.16,2.69,2.42,1.71,0.92,1.98,-4.11,3.15e-02,7.76e-05,Moderately soluble,-5.14,2.97e-03,7.30e-06,Moderately soluble,-6.08,3.37e-04,8.30e-07,Poorly soluble,High,No,No,No,Yes,Yes,No,Yes,-6.87,0,0,0,1,0,0.55,0,3,1,3.52
Molecule 85,COc1cc(ccc1O)C(=O)OCc1nnn(c1)c1cc2ccccc2oc1=O,C20H15N3O6,393.35,29,21,0.10,6,8,1,101.68,116.68,2.88,2.54,2.29,1.80,2.27,2.36,-4.02,3.77e-02,9.58e-05,Moderately soluble,-4.64,9.07e-03,2.31e-05,Moderately soluble,-5.86,5.43e-04,1.38e-06,Moderately soluble,High,No,No,No,No,Yes,No,Yes,-6.90,0,0,0,0,0,0.55,0,1,1,3.45
Molecule 86,COc1cc(/C=C/C(=O)OCc2nnn(c2)c2cc3ccccc3oc2=O)ccc1O,C22H17N3O6,419.39,31,21,0.09,7,8,1,111.39,116.68,3.15,2.97,2.58,1.90,2.88,2.70,-4.35,1.87e-02,4.46e-05,Moderately soluble,-5.08,3.46e-03,8.25e-06,Moderately soluble,-5.93,4.96e-04,1.18e-06,Moderately soluble,High,No,No,No,Yes,Yes,No,No,-6.75,0,0,0,0,0,0.55,0,2,1,3.66
Molecule 87,COc1c(OC)cc(cc1OC)CN/C(=C\1/C(=O)Oc2c(C1=O)cccc2)/C,C21H21NO6,383.39,28,12,0.24,6,6,1,101.93,83.09,3.48,3.95,2.73,1.17,3.66,3.00,-4.63,9.06e-03,2.36e-05,Moderately soluble,-5.40,1.54e-03,4.03e-06,Moderately soluble,-6.46,1.34e-04,3.51e-07,Poorly soluble,High,No,No,Yes,Yes,Yes,No,Yes,-5.83,0,0,0,0,0,0.55,0,3,2,3.42
Molecule 88,COc1ccc(cc1OC)CN/C(=C\1/C(=O)Oc2c(C1=O)cccc2)/C,C20H19NO5,353.37,26,12,0.20,5,5,1,95.43,73.86,3.24,3.98,2.72,1.48,3.59,3.00,-4.55,9.96e-03,2.82e-05,Moderately soluble,-5.23,2.07e-03,5.86e-06,Moderately soluble,-6.35,1.58e-04,4.47e-07,Poorly soluble,High,Yes,No,Yes,Yes,Yes,No,Yes,-5.63,0,0,0,0,0,0.55,0,3,2,3.25
Molecule 89,COc1ccc(c(c1)OC)CN/C(=C\1/C(=O)Oc2c(C1=O)cccc2)/C,C20H19NO5,353.37,26,12,0.20,5,5,1,95.43,73.86,3.26,3.98,2.72,1.48,3.59,3.00,-4.55,9.96e-03,2.82e-05,Moderately soluble,-5.23,2.07e-03,5.86e-06,Moderately soluble,-6.35,1.58e-04,4.47e-07,Poorly soluble,High,Yes,No,Yes,Yes,Yes,No,Yes,-5.63,0,0,0,0,0,0.55,0,3,2,3.30
Molecule 90,COc1c(OC)cc(cc1OC)CN/C(=C\1/C(=O)Oc2c(C1=O)cccc2)/c1ccccc1,C26H23NO6,445.46,33,18,0.15,7,6,1,122.40,83.09,3.77,5.21,3.86,2.01,4.74,3.92,-5.83,6.65e-04,1.49e-06,Moderately soluble,-6.70,8.84e-05,1.98e-07,Poorly soluble,-8.53,1.32e-06,2.96e-09,Poorly soluble,High,No,No,No,Yes,Yes,No,Yes,-5.32,0,0,0,0,1,0.55,0,3,2,3.81
Molecule 91,COc1ccc(cc1OC)CN/C(=C\1/C(=O)Oc2c(C1=O)cccc2)/c1ccccc1,C25H21NO5,415.44,31,18,0.12,6,5,1,115.91,73.86,3.57,5.24,3.85,2.33,4.67,3.93,-5.75,7.38e-04,1.78e-06,Moderately soluble,-6.54,1.20e-04,2.89e-07,Poorly soluble,-8.43,1.54e-06,3.72e-09,Poorly soluble,High,Yes,No,Yes,Yes,Yes,No,Yes,-5.11,0,0,0,0,1,0.55,0,3,2,3.64
Molecule 92,COc1ccc(c(c1)OC)CN/C(=C\1/C(=O)Oc2c(C1=O)cccc2)/c1ccccc1,C25H21NO5,415.44,31,18,0.12,6,5,1,115.91,73.86,3.74,5.24,3.85,2.33,4.67,3.97,-5.75,7.38e-04,1.78e-06,Moderately soluble,-6.54,1.20e-04,2.89e-07,Poorly soluble,-8.43,1.54e-06,3.72e-09,Poorly soluble,High,Yes,No,Yes,Yes,Yes,No,Yes,-5.11,0,0,0,0,1,0.55,0,3,2,3.68
Molecule 93,COc1c(OC)cc(cc1OC)CN/C=C\1/C(=O)Oc2c(C1=O)cccc2,C20H19NO6,369.37,27,12,0.20,6,6,1,97.12,83.09,3.25,3.58,2.34,0.95,3.42,2.71,-4.32,1.77e-02,4.80e-05,Moderately soluble,-5.01,3.60e-03,9.75e-06,Moderately soluble,-6.08,3.08e-04,8.34e-07,Poorly soluble,High,No,No,Yes,Yes,Yes,No,Yes,-6.01,0,0,0,0,0,0.55,0,3,2,3.27
Molecule 94,COc1ccc(cc1OC)CN/C=C\1/C(=O)Oc2c(C1=O)cccc2,C19H17NO5,339.34,25,12,0.16,5,5,1,90.63,73.86,3.14,3.61,2.33,1.25,3.35,2.74,-4.24,1.94e-02,5.71e-05,Moderately soluble,-4.85,4.81e-03,1.42e-05,Moderately soluble,-5.97,3.62e-04,1.07e-06,Moderately soluble,High,Yes,No,Yes,Yes,Yes,No,Yes,-5.81,0,0,0,0,0,0.55,0,3,1,3.09
Molecule 95,COc1ccc(c(c1)OC)CN/C=C\1/C(=O)Oc2c(C1=O)cccc2,C19H17NO5,339.34,25,12,0.16,5,5,1,90.63,73.86,3.23,3.61,2.33,1.25,3.35,2.75,-4.24,1.94e-02,5.71e-05,Moderately soluble,-4.85,4.81e-03,1.42e-05,Moderately soluble,-5.97,3.62e-04,1.07e-06,Moderately soluble,High,Yes,No,Yes,Yes,Yes,No,Yes,-5.81,0,0,0,0,0,0.55,0,3,1,3.15
